Workbook

Sheet Read Me & Charter
A1: Halo Collar ML — Engagement Operating System
A2: Halo × Edge Impulse × Softeq | Source of truth for plan, ownership, risks & decisions | Snapshot: 23 Jun 2026
B4: Purpose
B5: Two on-device ML deliverables for the HALO 5 collar: (1) a GPS indoor/outdoor place-recognition model and (2) an Activity active/idle model. Lab accuracy is solved on both; the open work is field validation, two-model on-device integration, data coverage, and agreeing v1 goals. This workbook is the shared PM layer on top of the existing status tracker — use it to drive ownership and unblock progress.
B7: Parties & team roster
B8: ⚠ Confirm org mapping — inferred from the tracker; correct any cell highlighted yellow.
B9: Party | C9: Role in engagement | D9: Named team
B10: Halo | C10: Product owner / device & firmware / decision authority | D10: Vitaly (lead/decisions), Chris (product/use-cases), Timour (technical), Eigor (firmware)
B11: Edge Impulse | C11: Platform + on-device enablement, SDK integration, validation methodology | D11: Patrick, Ashvin
B12: Softeq | C12: 3rd-party ML consultancy — model development, features, data cleaning & labeling | D12: Dinko (ML lead), Adrian (data/labeling)
B14: Targets (to validate, not contractual)
B15: Metric | C15: Current | D15: v1 / Phase 1 target | E15: Phase 2 target
B16: GPS — lab accuracy | C16: ~94–95% (Done) | D16: Hold | E16: Hold
B17: GPS — on-device accuracy | C17: ~90% (manual) | D17: ~95% objective | E17: Maintain in field
B18: Activity — lab accuracy | C18: ~97.6% 8-class (Done) | D18: 2-class deployed | E18: —
B19: Activity — on-device accuracy | C19: Not yet measured | D19: Objective baseline | E19: Improve iteratively
B20: Real-world (both) | C20: Below lab, unmeasured | D20: 80–85% | E20: 90%+
B21: Model footprint | C21: GPS ~20KB | D21: Within budget | E21: Within budget
B23: How to use this workbook
B24: Tab | C24: What it's for
B25: Project Plan | C25: The work breakdown: every open action with owner, dependency, priority and a target date driven by the Plan date cell below.
B26: RACI | C26: Who is Responsible / Accountable / Consulted / Informed across the three parties for each activity. Fixes the ownership ambiguity.
B27: Risks & Blockers | C27: Live register of what's stopping progress, with severity, owner and mitigation.
B28: Decisions Needed | C28: Open questions that block work — mostly Halo business decisions. Resolve these to unstick the program.
B29: Status Dashboard | C29: Auto-rollup of plan status, risk severity and open decisions. Read this first in reviews.
B31: Plan date (drives target dates): | D31: 46196

Sheet Project Plan
A1: Project Plan — Work Breakdown
A2: Open actions across both models + cross-cutting workstreams. Target date = Plan date + offset (days). Update Status as work moves.
A4: ID | B4: Workstream | C4: Phase | D4: Next action | E4: Status | F4: Accountable | G4: Lead | H4: Depends on | I4: Priority | J4: Offset(d) | K4: Target date | L4: Key risk / note
A5: C1 | B5: Cross-cutting | C5: Goal & criteria | D5: Confirm v1 goal, per-class business value & success criteria with Halo | E5: Needs definition | F5: Halo | G5: Vitaly | H5: — | I5: NOW | J5: 11 | K5: =IF(J5>0,'Read Me & Charter'!$D$31+J5,"done") -> 46207 | L5: Scope & success undefined until set
A6: C2 | B6: Cross-cutting | C6: Validation & DoD | D6: Agree definition of 'done' + objective validation method (pilot video ground-truth) | E6: Needs definition | F6: Edge Impulse | G6: Patrick | H6: C1 | I6: NOW | J6: 4 | K6: =IF(J6>0,'Read Me & Charter'!$D$31+J6,"done") -> 46200 | L6: Progress can't be proven without it
A7: C3 | B7: Cross-cutting | C7: Two-model on device | D7: Merge branches; enable GPS + activity to run together on collar (resolve SDK limit) | E7: In progress | F7: Edge Impulse | G7: Ashvin | H7: — | I7: NOW | J7: 11 | K7: =IF(J7>0,'Read Me & Charter'!$D$31+J7,"done") -> 46207 | L7: Firmware/SDK limit; Eigor needed
A8: C4 | B8: Cross-cutting | C8: Test harness | D8: Build repeatable on-device test method (same routes/time; labelled batches) | E8: Needs definition | F8: Edge Impulse | G8: Patrick | H8: C2 | I8: NEXT | J8: 18 | K8: =IF(J8>0,'Read Me & Charter'!$D$31+J8,"done") -> 46214 | L8: No repeatable re-test today
A9: G1 | B9: GPS model | C9: 1 Data | D9: Collect representative US dataset (homes/window types); agree borderline labelling | E9: In progress | F9: Softeq | G9: Adrian | H9: — | I9: NEXT | J9: 30 | K9: =IF(J9>0,'Read Me & Charter'!$D$31+J9,"done") -> 46226 | L9: Thin varied-environment coverage
A10: G2 | B10: GPS model | C10: 2 Features | D10: Maintain ~50-feature set; retrain as new data arrives | E10: Done | F10: Softeq | G10: Dinko | H10: G1 | I10: LATER | J10: 60 | K10: =IF(J10>0,'Read Me & Charter'!$D$31+J10,"done") -> 46256 | L10: —
A11: G3 | B11: GPS model | C11: 3 Lab accuracy | D11: Hold ~94–95% lab; keep reporting in status | E11: Done | F11: Softeq | G11: Dinko | H11: — | I11: — | J11: 0 | K11: =IF(J11>0,'Read Me & Charter'!$D$31+J11,"done") -> done | L11: —
A12: G4 | B12: GPS model | C12: 4 Install (GPS) | D12: Handed to Edge Impulse for combined two-model build | E12: Done | F12: Softeq→EI | G12: Dinko | H12: — | I12: — | J12: 0 | K12: =IF(J12>0,'Read Me & Charter'!$D$31+J12,"done") -> done | L12: —
A13: G5 | B13: GPS model | C13: 6 On-device acc. | D13: Run labelled batches on collar for objective figure (~95% target) | E13: In progress | F13: Edge Impulse | G13: Ashvin | H13: C3, C4 | I13: NEXT | J13: 14 | K13: =IF(J13>0,'Read Me & Charter'!$D$31+J13,"done") -> 46210 | L13: Move from manual walk tests to batch
A14: G6 | B14: GPS model | C14: 7 Real-world | D14: Roll single GPS model to small group; measure w/ agreed method; add house-geofence backup | E14: Blocked | F14: Halo | G14: Chris | H14: C2, G1 | I14: NEXT | J14: 21 | K14: =IF(J14>0,'Read Me & Charter'!$D$31+J14,"done") -> 46217 | L14: Lab-to-field drop unmeasured
A15: A1 | B15: Activity model | C15: 1 Data | D15: Label toward ~20–40h (more dogs/orientations); finalise posture-vs-behavior taxonomy | E15: In progress | F15: Softeq | G15: Adrian | H15: C1 | I15: NEXT | J15: 30 | K15: =IF(J15>0,'Read Me & Charter'!$D$31+J15,"done") -> 46226 | L15: ~7–10h of ~20–40h; narrow data
A16: A2 | B16: Activity model | C16: 2 Features | D16: Use orientation-robust features for v1; plan orientation normalisation | E16: Done | F16: Softeq | G16: Dinko | H16: — | I16: LATER | J16: 60 | K16: =IF(J16>0,'Read Me & Charter'!$D$31+J16,"done") -> 46256 | L16: Orientation-sensitive features deferred
... A20: A6 | B20: Activity model | C20: 7 Real-world | D20: Deploy 2-class to user group; measure; compare rule-based vs model for v1 | E20: Blocked | F20: Halo | G20: Chris | H20: C2, A1, A4 | I20: NEXT | J20: 28 | K20: =IF(J20>0,'Read Me & Charter'!$D$31+J20,"done") -> 46224 | L20: Field below lab

Sheet RACI
A1: RACI — Roles & Accountability
A2: R=Responsible (does the work) · A=Accountable (one owner, sign-off) · C=Consulted · I=Informed. ⚠ Proposed — confirm with the three parties.
A4: ID | B4: Activity | C4: Halo | D4: Edge Impulse | E4: Softeq | F4: Accountable lead | G4: Notes
A5: R1 | B5: Define v1 goal & success criteria | C5: A/R | D5: C | E5: C | F5: Vitaly (Halo) | G5: Blocks everything downstream
A6: R2 | B6: Define per-class business value / desired outcomes | C6: A | D6: C | E6: C | F6: Halo | G6: Raised by Edge Impulse
A7: R3 | B7: Data collection & labeling campaigns | C7: A | D7: I | E7: R | F7: Halo + Adrian (Softeq) | G7: Halo supplies users/devices; Softeq labels/cleans
A8: R4 | B8: Feature engineering & model development | C8: I | D8: C | E8: A/R | F8: Dinko (Softeq) | G8: —
A9: R5 | B9: Lab accuracy validation | C9: I | D9: C | E9: A/R | F9: Dinko (Softeq) | G9: Done on both models
A10: R6 | B10: On-device model enablement (single model) | C10: C | D10: A/R | E10: C | F10: Ashvin (Edge Impulse) | G10: Halo firmware (Eigor) consulted
A11: R7 | B11: Two-model SDK integration | C11: C | D11: A/R | E11: C | F11: Ashvin (Edge Impulse) | G11: Eigor to join Monday session
A12: R8 | B12: On-device objective accuracy testing | C12: I | D12: A | E12: R | F12: Edge Impulse + Dinko | G12: Batch-replay method
A13: R9 | B13: Define validation method & 'definition of done' | C13: C | D13: A/R | E13: C | F13: Patrick (Edge Impulse) | G13: EI engaged for methodology; Halo approves DoD
A14: R10 | B14: Field / real-world testing & rollout | C14: A/R | D14: C | E14: C | F14: Chris (Halo) | G14: Small user group first
A15: R11 | B15: Repeatable test harness / procedure | C15: C | D15: A/R | E15: R | F15: Edge Impulse | G15: Fixed routes/time; productionise later
... A17: R13 | B17: Program status reporting & cadence | C17: C | D17: A/R | E17: C | F17: Patrick (Edge Impulse) | G17: Weekly sync + bi-weekly leadership
B19: Legend: A/R = Accountable & Responsible · A = Accountable (sign-off) · R = Responsible (does work) · C = Consulted · I = Informed

Sheet Risks & Blockers
A1: Risk & Blocker Register
A2: Impact & Likelihood scored 1–3. Score = Impact × Likelihood. Rating auto-derives. Work the Critical/High open items first.
A4: ID | B4: Type | C4: Title | D4: Description | E4: Workstream | F4: Owner | G4: Impact | H4: Likelihood | I4: Score | J4: Rating | K4: Status | L4: Mitigation / next step
A5: K1 | B5: Blocker | C5: Two models can't run on device together | D5: Firmware/SDK can't run GPS + activity simultaneously — blocks a combined v1 | E5: Two-model | F5: Ashvin (EI) | G5: 3 | H5: 3 | I5: =G5*H5 -> 9 | J5: =IF(I5>=6,"Critical",IF(I5>=4,"High",IF(I5>=2,"Medium","Low"))) -> Critical | K5: Open | L5: Merge branches; Monday SDK session w/ Eigor; evaluate parallel vs merged
A6: K2 | B6: Blocker | C6: No validation method / definition of done | D6: Performance judged by reviewer impression; progress can't be measured | E6: Validation | F6: Patrick (EI) + Halo | G6: 3 | H6: 3 | I6: =G6*H6 -> 9 | J6: =IF(I6>=6,"Critical",IF(I6>=4,"High",IF(I6>=2,"Medium","Low"))) -> Critical | K6: Open | L6: Agree DoD + objective method; pilot video ground-truth on small set
A7: K3 | B7: Decision | C7: v1 goal & per-class value unconfirmed | D7: Without desired outcomes per class, scope & success are undefined | E7: Goal | F7: Vitaly (Halo) | G7: 3 | H7: 3 | I7: =G7*H7 -> 9 | J7: =IF(I7>=6,"Critical",IF(I7>=4,"High",IF(I7>=2,"Medium","Low"))) -> Critical | K7: Open | L7: Halo confirms use cases, real-time vs accumulated, value per class
A8: K4 | B8: Risk | C8: Activity data thin & narrow | D8: ~7–10h of ~20–40h target; few dogs/orientations; edge cases under-represented | E8: Activity data | F8: Adrian (Softeq) + Halo | G8: 3 | H8: 3 | I8: =G8*H8 -> 9 | J8: =IF(I8>=6,"Critical",IF(I8>=4,"High",IF(I8>=2,"Medium","Low"))) -> Critical | K8: Open | L8: Label to target; more dogs/orientations; improve in-app labeling; small video calibration set
A9: K5 | B9: Risk | C9: GPS environment coverage thin | D9: US homes/window types/covered-outdoor under-represented; per-home variation | E9: GPS data | F9: Adrian (Softeq) + Halo | G9: 3 | H9: 2 | I9: =G9*H9 -> 6 | J9: =IF(I9>=6,"Critical",IF(I9>=4,"High",IF(I9>=2,"Medium","Low"))) -> Critical | K9: Open | L9: Representative US collection; agree borderline labelling; house-geofence backup
A10: K6 | B10: Risk | C10: Lab-to-field accuracy drop unmeasured | D10: Field lower than lab but not objectively measured on either model | E10: Both | F10: Halo + Group | G10: 3 | H10: 3 | I10: =G10*H10 -> 9 | J10: =IF(I10>=6,"Critical",IF(I10>=4,"High",IF(I10>=2,"Medium","Low"))) -> Critical | K10: Open | L10: Objective on-device + field measurement once method agreed
A11: K7 | B11: Risk | C11: No repeatable test environment | D11: Cannot re-test same locations/time to compare runs | E11: Test harness | F11: Patrick (EI) | G11: 2 | H11: 3 | I11: =G11*H11 -> 6 | J11: =IF(I11>=6,"Critical",IF(I11>=4,"High",IF(I11>=2,"Medium","Low"))) -> Critical | K11: Open | L11: Build repeatable batch-replay harness; fixed routes
A12: K8 | B12: Risk | C12: Firmware dependency on Halo (Eigor) | D12: Two-model build & firmware tweaks depend on Halo firmware availability | E12: Firmware | F12: Eigor (Halo) | G12: 2 | H12: 2 | I12: =G12*H12 -> 4 | J12: =IF(I12>=6,"Critical",IF(I12>=4,"High",IF(I12>=2,"Medium","Low"))) -> High | K12: Open | L12: Eigor joins Monday session; schedule firmware support windows
A13: K9 | B13: Risk | C13: Orientation-sensitive features | D13: Strong features depend on collar orientation — main lab-vs-field cause | E13: Activity model | F13: Dinko (Softeq) | G13: 2 | H13: 2 | I13: =G13*H13 -> 4 | J13: =IF(I13>=6,"Critical",IF(I13>=4,"High",IF(I13>=2,"Medium","Low"))) -> High | K13: Mitigated (v1) | L13: v1 uses orientation-robust features; add orientation normalisation before multiclass

Sheet Decisions Needed
A1: Decisions Needed — Open Questions
A2: Mostly Halo business decisions that block the team. Resolving these is the fastest way to unstick the program.
A4: ID | B4: Decision / open question | C4: Why it matters (what it blocks) | D4: Decider | E4: Priority | F4: Status | G4: Notes / options
A5: D1 | B5: What is the v1 goal & desired outcome for each class? | C5: Defines scope & success; blocks validation and data targets | D5: Halo (Vitaly) | E5: NOW | F5: Open | G5: Edge Impulse question: business value of each class
A6: D2 | B6: Real-time status vs accumulated data per hour? | C6: Changes how the model is used and validated | D6: Halo | E6: NOW | F6: Open | G6: Raised by Dinko (both models)
A7: D3 | B7: Formal definition of 'active' (activity model) | C7: No threshold or DoD possible without it | D7: Halo + Group | E7: NOW | F7: Open | G7: Consider one tunable active/idle threshold
A8: D4 | B8: Definition of 'done' + validation method | C8: Can't prove accuracy or progress objectively | D8: Edge Impulse + Halo | E8: NOW | F8: Open | G8: Video ground-truth pilot; objective batch replay
A9: D5 | B9: Two models: run in parallel vs merged single model? | C9: Determines the SDK integration approach | D9: EI + Halo firmware | E9: NOW | F9: Open | G9: Timour: run in parallel, not merged
A10: D6 | B10: Rule-based vs model approach for activity v1? | C10: A simpler v1 may meet the near-term need | D10: Group | E10: NEXT | F10: Open | G10: Chris: 8-class is more than current need
A11: D7 | B11: Add GPS house-geofence / map backup in v1? | C11: High value — most use is 'in my own house' | D11: Halo | E11: NEXT | F11: Open | G11: Backup check for near-window cases
A12: D8 | B12: Scope of video ground-truth? | C12: Broad video capture is a heavy lift | D12: Group | E12: NEXT | F12: Open | G12: Scope to a small calibration set

Sheet Status Dashboard
A1: Status Dashboard
A2: Auto-rollup from the other tabs. Read this first in reviews. Snapshot driven by Plan date on the Charter tab.
B4: Action status (Project Plan)
B5: Status | C5: Count
B6: Not started | C6: =COUNTIF('Project Plan'!E:E,"Not started") -> 1
B7: Needs definition | C7: =COUNTIF('Project Plan'!E:E,"Needs definition") -> 3
B8: In progress | C8: =COUNTIF('Project Plan'!E:E,"In progress") -> 4
B9: Ready to deploy | C9: =COUNTIF('Project Plan'!E:E,"Ready to deploy") -> 1
B10: Blocked | C10: =COUNTIF('Project Plan'!E:E,"Blocked") -> 2
B11: Done | C11: =COUNTIF('Project Plan'!E:E,"Done") -> 5
B12: Total open (not Done) | C12: =COUNTA('Project Plan'!A5:A20)-COUNTIF('Project Plan'!E:E,"Done") -> 11
B14: Risks & blockers by rating
B15: Rating | C15: Count
B16: Critical | C16: =COUNTIF('Risks & Blockers'!J:J,"Critical") -> 7
B17: High | C17: =COUNTIF('Risks & Blockers'!J:J,"High") -> 2
B18: Medium | C18: =COUNTIF('Risks & Blockers'!J:J,"Medium") -> 0
B19: Low | C19: =COUNTIF('Risks & Blockers'!J:J,"Low") -> 0
B20: Open blockers | C20: =COUNTIF('Risks & Blockers'!B:B,"Blocker") -> 2
B22: Decisions needed
B23: Open decisions | C23: =COUNTIF('Decisions Needed'!F:F,"Open") -> 8
B24: …of which NOW priority | C24: =COUNTIFS('Decisions Needed'!F:F,"Open",'Decisions Needed'!E:E,"NOW") -> 5
B26: This week — NOW priorities
B27: 1. Halo confirms v1 goal, per-class business value & success criteria (D1, C1)
B28: 2. Agree definition of 'done' + validation method (D4, C2)
B29: 3. Edge Impulse enables 2-class activity model + merges two-model build (A4, C3)
B30: 4. Decide parallel vs merged two-model approach — Eigor in Monday session (D5)
